{
 "kind": "books#volumes",
 "totalItems": 2490,
 "items": [
  {
   "kind": "books#volume",
   "id": "IJLzBwAAQBAJ",
   "etag": "KxBA/l33KPs",
   "selfLink": "https://www.googleapis.com/books/v1/volumes/IJLzBwAAQBAJ",
   "volumeInfo": {
    "title": "Problem-Solving Strategies",
    "authors": [
     "Arthur Engel"
    ],
    "publisher": "Springer Science & Business Media",
    "publishedDate": "2008-01-19",
    "description": "A unique collection of competition problems from over twenty major national and international mathematical competitions for high school students. Written for trainers and participants of contests of all levels up to the highest level, this will appeal to high school teachers conducting a mathematics club who need a range of simple to complex problems and to those instructors wishing to pose a \"problem of the week\", thus bringing a creative atmosphere into the classrooms. Equally, this is a must-have for individuals interested in solving difficult and challenging problems. Each chapter starts with typical examples illustrating the central concepts and is followed by a number of carefully selected problems and their solutions. Most of the solutions are complete, but some merely point to the road leading to the final solution. In addition to being a valuable resource of mathematical problems and solution strategies, this is the most complete training book on the market.",
    "industryIdentifiers": [
     {
      "type": "ISBN_13",
      "identifier": "9780387226415"
     },
     {
      "type": "ISBN_10",
      "identifier": "0387226419"
     }
    ],
    "readingModes": {
     "text": false,
     "image": true
    },
    "pageCount": 403,
    "printType": "BOOK",
    "categories": [
     "Mathematics"
    ],
    "maturityRating": "NOT_MATURE",
    "allowAnonLogging": true,
    "contentVersion": "1.1.1.0.preview.1",
    "panelizationSummary": {
     "containsEpubBubbles": false,
     "containsImageBubbles": false
    },
    "imageLinks": {
     "smallThumbnail": "http://books.google.com/books/content?id=IJLzBwAAQBAJ&printsec=frontcover&img=1&zoom=5&edge=curl&source=gbs_api",
     "thumbnail": "http://books.google.com/books/content?id=IJLzBwAAQBAJ&printsec=frontcover&img=1&zoom=1&edge=curl&source=gbs_api"
    },
    "language": "en",
    "previewLink": "http://books.google.co.in/books?id=IJLzBwAAQBAJ&pg=PP1&dq=problem+solving&hl=&cd=1&source=gbs_api",
    "infoLink": "https://play.google.com/store/books/details?id=IJLzBwAAQBAJ&source=gbs_api",
    "canonicalVolumeLink": "https://market.android.com/details?id=book-IJLzBwAAQBAJ"
   },
   "saleInfo": {
    "country": "IN",
    "saleability": "FOR_SALE",
    "isEbook": true,
    "listPrice": {
     "amount": 8401.6,
     "currencyCode": "INR"
    },
    "retailPrice": {
     "amount": 8401.6,
     "currencyCode": "INR"
    },
    "buyLink": "https://play.google.com/store/books/details?id=IJLzBwAAQBAJ&rdid=book-IJLzBwAAQBAJ&rdot=1&source=gbs_api",
    "offers": [
     {
      "finskyOfferType": 1,
      "listPrice": {
       "amountInMicros": 8.4016E9,
       "currencyCode": "INR"
      },
      "retailPrice": {
       "amountInMicros": 8.4016E9,
       "currencyCode": "INR"
      }
     }
    ]
   },
   "accessInfo": {
    "country": "IN",
    "viewability": "PARTIAL",
    "embeddable": true,
    "publicDomain": false,
    "textToSpeechPermission": "ALLOWED_FOR_ACCESSIBILITY",
    "epub": {
     "isAvailable": false
    },
    "pdf": {
     "isAvailable": true,
     "acsTokenLink": "http://books.google.co.in/books/download/Problem_Solving_Strategies-sample-pdf.acsm?id=IJLzBwAAQBAJ&format=pdf&output=acs4_fulfillment_token&dl_type=sample&source=gbs_api"
    },
    "webReaderLink": "http://play.google.com/books/reader?id=IJLzBwAAQBAJ&hl=&printsec=frontcover&source=gbs_api",
    "accessViewStatus": "SAMPLE",
    "quoteSharingAllowed": false
   },
   "searchInfo": {
    "textSnippet": "Equally, this is a must-have for individuals interested in solving difficult and challenging problems."
   }
  },
  {
   "kind": "books#volume",
   "id": "p6FIwG5H4QcC",
   "etag": "pmTK5dzSflM",
   "selfLink": "https://www.googleapis.com/books/v1/volumes/p6FIwG5H4QcC",
   "volumeInfo": {
    "title": "Problem Solving 101",
    "subtitle": "A simple book for smart people",
    "authors": [
     "Ken Watanabe"
    ],
    "publisher": "Random House",
    "publishedDate": "2010-07-06",
    "description": "Problem Solving 101 started out as a simple guide to teach Japanese schoolchildren critical thinking skills. But it quickly became an international bestseller for readers of all ages, thanks to the powerful effectiveness of Ken Watanabe's unique methods. Full of useful diagrams and quirky drawings, Problem Solving 101 is packed with practical tools and brain training techniques that will improve your problem-solving and decision-making ability, and enable you to find better solutions faster. Simple enough for a high school student to understand but sophisticated enough for CEOs to apply to their most challenging problems, Problem Solving 101 has helped millions of people around the world to find successful solutions to even the toughest of problems. Once you've mastered the problem-solving skills in this book, you'll wonder how you ever got by without them.",
    "industryIdentifiers": [
     {
      "type": "ISBN_13",
      "identifier": "9781407030166"
     },
     {
      "type": "ISBN_10",
      "identifier": "1407030167"
     }
    ],
    "readingModes": {
     "text": true,
     "image": false
    },
    "pageCount": 128,
    "printType": "BOOK",
    "categories": [
     "Business & Economics"
    ],
    "averageRating": 3.5,
    "ratingsCount": 4,
    "maturityRating": "NOT_MATURE",
    "allowAnonLogging": true,
    "contentVersion": "1.3.3.0.preview.2",
    "panelizationSummary": {
     "containsEpubBubbles": false,
     "containsImageBubbles": false
    },
    "imageLinks": {
     "smallThumbnail": "http://books.google.com/books/content?id=p6FIwG5H4QcC&printsec=frontcover&img=1&zoom=5&edge=curl&source=gbs_api",
     "thumbnail": "http://books.google.com/books/content?id=p6FIwG5H4QcC&printsec=frontcover&img=1&zoom=1&edge=curl&source=gbs_api"
    },
    "language": "en",
    "previewLink": "http://books.google.co.in/books?id=p6FIwG5H4QcC&printsec=frontcover&dq=problem+solving&hl=&cd=2&source=gbs_api",
    "infoLink": "https://play.google.com/store/books/details?id=p6FIwG5H4QcC&source=gbs_api",
    "canonicalVolumeLink": "https://market.android.com/details?id=book-p6FIwG5H4QcC"
   },
   "saleInfo": {
    "country": "IN",
    "saleability": "FOR_SALE",
    "isEbook": true,
    "listPrice": {
     "amount": 764.0,
     "currencyCode": "INR"
    },
    "retailPrice": {
     "amount": 382.0,
     "currencyCode": "INR"
    },
    "buyLink": "https://play.google.com/store/books/details?id=p6FIwG5H4QcC&rdid=book-p6FIwG5H4QcC&rdot=1&source=gbs_api",
    "offers": [
     {
      "finskyOfferType": 1,
      "listPrice": {
       "amountInMicros": 7.64E8,
       "currencyCode": "INR"
      },
      "retailPrice": {
       "amountInMicros": 3.82E8,
       "currencyCode": "INR"
      }
     }
    ]
   },
   "accessInfo": {
    "country": "IN",
    "viewability": "PARTIAL",
    "embeddable": true,
    "publicDomain": false,
    "textToSpeechPermission": "ALLOWED_FOR_ACCESSIBILITY",
    "epub": {
     "isAvailable": true,
     "acsTokenLink": "http://books.google.co.in/books/download/Problem_Solving_101-sample-epub.acsm?id=p6FIwG5H4QcC&format=epub&output=acs4_fulfillment_token&dl_type=sample&source=gbs_api"
    },
    "pdf": {
     "isAvailable": false
    },
    "webReaderLink": "http://play.google.com/books/reader?id=p6FIwG5H4QcC&hl=&printsec=frontcover&source=gbs_api",
    "accessViewStatus": "SAMPLE",
    "quoteSharingAllowed": false
   },
   "searchInfo": {
    "textSnippet": "Once you&#39;ve mastered the problem-solving skills in this book, you&#39;ll wonder how you ever got by without them."
   }
  },
  {
   "kind": "books#volume",
   "id": "S6wsVIuA03YC",
   "etag": "5DVTY26tB90",
   "selfLink": "https://www.googleapis.com/books/v1/volumes/S6wsVIuA03YC",
   "volumeInfo": {
    "title": "Group Problem Solving",
    "authors": [
     "Patrick R. Laughlin"
    ],
    "publisher": "Princeton University Press",
    "publishedDate": "2011-01-24",
    "description": "Experimental research by social and cognitive psychologists has established that cooperative groups solve a wide range of problems better than individuals. Cooperative problem solving groups of scientific researchers, auditors, financial analysts, air crash investigators, and forensic art experts are increasingly important in our complex and interdependent society. This comprehensive textbook--the first of its kind in decades--presents important theories and experimental research about group problem solving. The book focuses on tasks that have demonstrably correct solutions within mathematical, logical, scientific, or verbal systems, including algebra problems, analogies, vocabulary, and logical reasoning problems. The book explores basic concepts in group problem solving, social combination models, group memory, group ability and world knowledge tasks, rule induction problems, letters-to-numbers problems, evidence for positive group-to-individual transfer, and social choice theory. The conclusion proposes ten generalizations that are supported by the theory and research on group problem solving. Group Problem Solving is an essential resource for decision-making research in social and cognitive psychology, but also extremely relevant to multidisciplinary and multicultural problem-solving teams in organizational behavior, business administration, management, and behavioral economics.",
    "industryIdentifiers": [
     {
      "type": "ISBN_10",
      "identifier": "1400836670"
     },
     {
      "type": "ISBN_13",
      "identifier": "9781400836673"
     }
    ],
    "readingModes": {
     "text": true,
     "image": true
    },
    "pageCount": 176,
    "printType": "BOOK",
    "categories": [
     "Psychology"
    ],
    "maturityRating": "NOT_MATURE",
    "allowAnonLogging": true,
    "contentVersion": "2.9.5.0.preview.3",
    "panelizationSummary": {
     "containsEpubBubbles": false,
     "containsImageBubbles": false
    },
    "imageLinks": {
     "smallThumbnail": "http://books.google.com/books/content?id=S6wsVIuA03YC&printsec=frontcover&img=1&zoom=5&edge=curl&source=gbs_api",
     "thumbnail": "http://books.google.com/books/content?id=S6wsVIuA03YC&printsec=frontcover&img=1&zoom=1&edge=curl&source=gbs_api"
    },
    "language": "en",
    "previewLink": "http://books.google.co.in/books?id=S6wsVIuA03YC&printsec=frontcover&dq=problem+solving&hl=&cd=3&source=gbs_api",
    "infoLink": "https://play.google.com/store/books/details?id=S6wsVIuA03YC&source=gbs_api",
    "canonicalVolumeLink": "https://market.android.com/details?id=book-S6wsVIuA03YC"
   },
   "saleInfo": {
    "country": "IN",
    "saleability": "FOR_SALE",
    "isEbook": true,
    "listPrice": {
     "amount": 2987.76,
     "currencyCode": "INR"
    },
    "retailPrice": {
     "amount": 2987.76,
     "currencyCode": "INR"
    },
    "buyLink": "https://play.google.com/store/books/details?id=S6wsVIuA03YC&rdid=book-S6wsVIuA03YC&rdot=1&source=gbs_api",
    "offers": [
     {
      "finskyOfferType": 1,
      "listPrice": {
       "amountInMicros": 2.98776E9,
       "currencyCode": "INR"
      },
      "retailPrice": {
       "amountInMicros": 2.98776E9,
       "currencyCode": "INR"
      }
     }
    ]
   },
   "accessInfo": {
    "country": "IN",
    "viewability": "PARTIAL",
    "embeddable": true,
    "publicDomain": false,
    "textToSpeechPermission": "ALLOWED",
    "epub": {
     "isAvailable": true,
     "acsTokenLink": "http://books.google.co.in/books/download/Group_Problem_Solving-sample-epub.acsm?id=S6wsVIuA03YC&format=epub&output=acs4_fulfillment_token&dl_type=sample&source=gbs_api"
    },
    "pdf": {
     "isAvailable": true,
     "acsTokenLink": "http://books.google.co.in/books/download/Group_Problem_Solving-sample-pdf.acsm?id=S6wsVIuA03YC&format=pdf&output=acs4_fulfillment_token&dl_type=sample&source=gbs_api"
    },
    "webReaderLink": "http://play.google.com/books/reader?id=S6wsVIuA03YC&hl=&printsec=frontcover&source=gbs_api",
    "accessViewStatus": "SAMPLE",
    "quoteSharingAllowed": false
   },
   "searchInfo": {
    "textSnippet": "The book explores basic concepts in group problem solving, social combination models, group memory, group ability and world knowledge tasks, rule induction problems, letters-to-numbers problems, evidence for positive group-to-individual ..."
   }
  },
  {
   "kind": "books#volume",
   "id": "W0jP04qn0uoC",
   "etag": "Nh/aIrTUtY4",
   "selfLink": "https://www.googleapis.com/books/v1/volumes/W0jP04qn0uoC",
   "volumeInfo": {
    "title": "All Life is Problem Solving",
    "authors": [
     "Karl Popper"
    ],
    "publisher": "Routledge",
    "publishedDate": "2013-04-15",
    "description": "'Never before has there been so many and such dreadful weapons in so many irresponsible hands.' - Karl Popper, from the Preface All Life is Problem Solving is a stimulating and provocative selection of Popper's writings on his main preoccupations during the last twenty-five years of his life. This collection illuminates Popper's process of working out key formulations in his theory of science, and indicates his view of the state of the world at the end of the Cold War and after the collapse of communism.",
    "industryIdentifiers": [
     {
      "type": "ISBN_13",
      "identifier": "9781135973056"
     },
     {
      "type": "ISBN_10",
      "identifier": "1135973059"
     }
    ],
    "readingModes": {
     "text": true,
     "image": true
    },
    "pageCount": 190,
    "printType": "BOOK",
    "categories": [
     "Philosophy"
    ],
    "maturityRating": "NOT_MATURE",
    "allowAnonLogging": true,
    "contentVersion": "1.4.4.0.preview.3",
    "panelizationSummary": {
     "containsEpubBubbles": false,
     "containsImageBubbles": false
    },
    "imageLinks": {
     "smallThumbnail": "http://books.google.com/books/content?id=W0jP04qn0uoC&printsec=frontcover&img=1&zoom=5&edge=curl&source=gbs_api",
     "thumbnail": "http://books.google.com/books/content?id=W0jP04qn0uoC&printsec=frontcover&img=1&zoom=1&edge=curl&source=gbs_api"
    },
    "language": "en",
    "previewLink": "http://books.google.co.in/books?id=W0jP04qn0uoC&printsec=frontcover&dq=problem+solving&hl=&cd=4&source=gbs_api",
    "infoLink": "https://play.google.com/store/books/details?id=W0jP04qn0uoC&source=gbs_api",
    "canonicalVolumeLink": "https://market.android.com/details?id=book-W0jP04qn0uoC"
   },
   "saleInfo": {
    "country": "IN",
    "saleability": "FOR_SALE",
    "isEbook": true,
    "listPrice": {
     "amount": 2466.2,
     "currencyCode": "INR"
    },
    "retailPrice": {
     "amount": 2466.2,
     "currencyCode": "INR"
    },
    "buyLink": "https://play.google.com/store/books/details?id=W0jP04qn0uoC&rdid=book-W0jP04qn0uoC&rdot=1&source=gbs_api",
    "offers": [
     {
      "finskyOfferType": 1,
      "listPrice": {
       "amountInMicros": 2.4662E9,
       "currencyCode": "INR"
      },
      "retailPrice": {
       "amountInMicros": 2.4662E9,
       "currencyCode": "INR"
      }
     }
    ]
   },
   "accessInfo": {
    "country": "IN",
    "viewability": "PARTIAL",
    "embeddable": true,
    "publicDomain": false,
    "textToSpeechPermission": "ALLOWED",
    "epub": {
     "isAvailable": true,
     "acsTokenLink": "http://books.google.co.in/books/download/All_Life_is_Problem_Solving-sample-epub.acsm?id=W0jP04qn0uoC&format=epub&output=acs4_fulfillment_token&dl_type=sample&source=gbs_api"
    },
    "pdf": {
     "isAvailable": true,
     "acsTokenLink": "http://books.google.co.in/books/download/All_Life_is_Problem_Solving-sample-pdf.acsm?id=W0jP04qn0uoC&format=pdf&output=acs4_fulfillment_token&dl_type=sample&source=gbs_api"
    },
    "webReaderLink": "http://play.google.com/books/reader?id=W0jP04qn0uoC&hl=&printsec=frontcover&source=gbs_api",
    "accessViewStatus": "SAMPLE",
    "quoteSharingAllowed": false
   },
   "searchInfo": {
    "textSnippet": "This collection illuminates Popper&#39;s process of working out key formulations in his theory of science, and indicates his view of the state of the world at the end of the Cold War and after the collapse of communism."
   }
  },
  {
   "kind": "books#volume",
   "id": "uCvbEtCBBGQC",
   "etag": "hqh22lB9BVc",
   "selfLink": "https://www.googleapis.com/books/v1/volumes/uCvbEtCBBGQC",
   "volumeInfo": {
    "title": "Problem Solving and Decision Making",
    "subtitle": "Hard, Soft and Creative Approaches",
    "authors": [
     "Michael J. Hicks"
    ],
    "publisher": "Cengage Learning EMEA",
    "publishedDate": "2004",
    "description": "Change and uncertainty have become an inevitable part of life, the world is more turbulent than it used to be, and is susceptible to rapid and often unpredictable change, creating the need for more creative problem solving than ever in order to survive in these conditions. In this new edition Mick Hicks addresses the need for a new range of problem solving and decision making strategies for dealing with the problems of the modern business environment. He identifies that there is no one problem solving process or technique that is universally applicable to all the types of problem situation, and presents the processes which have had the most impact on improving our problem solving abilities, provides detailed background information about them (including illustrative case studies) to give a practical guide for their use and shows how the different approaches complement each other, thus providing a complete problem solving system to tackle almost all types of problem situation. Change and uncertainty have become an inevitable part of life, the world is more turbulent than it used to be, and is susceptible to rapid and often unpredictable change, creating the need for more creative problem solving than ever in order to survive in these conditions. In this new edition Mick Hicks addresses the need for a new range of problem solving and decision making strategies for dealing with the problems of the modern business environment. He identifies that there is no one problem solving process or technique that is universally applicable to all the types of problem situation, and presents the processes which have had the most impact on improving our problem solving abilities, provides detailed background information about them (including illustrative case studies) to give a practical guide for their use and shows how the different approaches complement each other, thus providing a complete problem solving system to tackle almost all types of problem situation.",
    "industryIdentifiers": [
     {
      "type": "ISBN_10",
      "identifier": "1861526172"
     },
     {
      "type": "ISBN_13",
      "identifier": "9781861526175"
     }
    ],
    "readingModes": {
     "text": false,
     "image": true
    },
    "pageCount": 427,
    "printType": "BOOK",
    "categories": [
     "Business & Economics"
    ],
    "maturityRating": "NOT_MATURE",
    "allowAnonLogging": false,
    "contentVersion": "preview-1.0.0",
    "imageLinks": {
     "smallThumbnail": "http://books.google.com/books/content?id=uCvbEtCBBGQC&printsec=frontcover&img=1&zoom=5&edge=curl&source=gbs_api",
     "thumbnail": "http://books.google.com/books/content?id=uCvbEtCBBGQC&printsec=frontcover&img=1&zoom=1&edge=curl&source=gbs_api"
    },
    "language": "en",
    "previewLink": "http://books.google.co.in/books?id=uCvbEtCBBGQC&printsec=frontcover&dq=problem+solving&hl=&cd=5&source=gbs_api",
    "infoLink": "http://books.google.co.in/books?id=uCvbEtCBBGQC&dq=problem+solving&hl=&source=gbs_api",
    "canonicalVolumeLink": "https://books.google.com/books/about/Problem_Solving_and_Decision_Making.html?hl=&id=uCvbEtCBBGQC"
   },
   "saleInfo": {
    "country": "IN",
    "saleability": "NOT_FOR_SALE",
    "isEbook": false
   },
   "accessInfo": {
    "country": "IN",
    "viewability": "PARTIAL",
    "embeddable": true,
    "publicDomain": false,
    "textToSpeechPermission": "ALLOWED",
    "epub": {
     "isAvailable": false
    },
    "pdf": {
     "isAvailable": false
    },
    "webReaderLink": "http://play.google.com/books/reader?id=uCvbEtCBBGQC&hl=&printsec=frontcover&source=gbs_api",
    "accessViewStatus": "SAMPLE",
    "quoteSharingAllowed": false
   },
   "searchInfo": {
    "textSnippet": "In this new edition Mick Hicks addresses the need for a new range of problem solving and decision making strategies for dealing with the problems of the modern business environment."
   }
  },
  {
   "kind": "books#volume",
   "id": "KWjj41u2c1EC",
   "etag": "hD8uvR8T+QM",
   "selfLink": "https://www.googleapis.com/books/v1/volumes/KWjj41u2c1EC",
   "volumeInfo": {
    "title": "Quality Problem Solving",
    "authors": [
     "Gerald F. Smith"
    ],
    "publisher": "ASQ Quality Press",
    "publishedDate": "1998-01",
    "description": "An in-depth and comprehensive reference, this text offers problem solving insights and prescriptions for those trying to solve complex, real-world quality problems.",
    "industryIdentifiers": [
     {
      "type": "ISBN_10",
      "identifier": "0873893948"
     },
     {
      "type": "ISBN_13",
      "identifier": "9780873893947"
     }
    ],
    "readingModes": {
     "text": true,
     "image": true
    },
    "pageCount": 322,
    "printType": "BOOK",
    "categories": [
     "Technology & Engineering"
    ],
    "maturityRating": "NOT_MATURE",
    "allowAnonLogging": false,
    "contentVersion": "0.0.1.0.preview.3",
    "panelizationSummary": {
     "containsEpubBubbles": false,
     "containsImageBubbles": false
    },
    "imageLinks": {
     "smallThumbnail": "http://books.google.com/books/content?id=KWjj41u2c1EC&printsec=frontcover&img=1&zoom=5&edge=curl&source=gbs_api",
     "thumbnail": "http://books.google.com/books/content?id=KWjj41u2c1EC&printsec=frontcover&img=1&zoom=1&edge=curl&source=gbs_api"
    },
    "language": "en",
    "previewLink": "http://books.google.co.in/books?id=KWjj41u2c1EC&printsec=frontcover&dq=problem+solving&hl=&cd=6&source=gbs_api",
    "infoLink": "https://play.google.com/store/books/details?id=KWjj41u2c1EC&source=gbs_api",
    "canonicalVolumeLink": "https://market.android.com/details?id=book-KWjj41u2c1EC"
   },
   "saleInfo": {
    "country": "IN",
    "saleability": "FOR_SALE",
    "isEbook": true,
    "listPrice": {
     "amount": 3790.75,
     "currencyCode": "INR"
    },
    "retailPrice": {
     "amount": 3790.75,
     "currencyCode": "INR"
    },
    "buyLink": "https://play.google.com/store/books/details?id=KWjj41u2c1EC&rdid=book-KWjj41u2c1EC&rdot=1&source=gbs_api",
    "offers": [
     {
      "finskyOfferType": 1,
      "listPrice": {
       "amountInMicros": 3.79075E9,
       "currencyCode": "INR"
      },
      "retailPrice": {
       "amountInMicros": 3.79075E9,
       "currencyCode": "INR"
      }
     }
    ]
   },
   "accessInfo": {
    "country": "IN",
    "viewability": "PARTIAL",
    "embeddable": true,
    "publicDomain": false,
    "textToSpeechPermission": "ALLOWED",
    "epub": {
     "isAvailable": true,
     "acsTokenLink": "http://books.google.co.in/books/download/Quality_Problem_Solving-sample-epub.acsm?id=KWjj41u2c1EC&format=epub&output=acs4_fulfillment_token&dl_type=sample&source=gbs_api"
    },
    "pdf": {
     "isAvailable": true,
     "acsTokenLink": "http://books.google.co.in/books/download/Quality_Problem_Solving-sample-pdf.acsm?id=KWjj41u2c1EC&format=pdf&output=acs4_fulfillment_token&dl_type=sample&source=gbs_api"
    },
    "webReaderLink": "http://play.google.com/books/reader?id=KWjj41u2c1EC&hl=&printsec=frontcover&source=gbs_api",
    "accessViewStatus": "SAMPLE",
    "quoteSharingAllowed": false
   },
   "searchInfo": {
    "textSnippet": "An in-depth and comprehensive reference, this text offers problem solving insights and prescriptions for those trying to solve complex, real-world quality problems."
   }
  },
  {
   "kind": "books#volume",
   "id": "iKSYrsXe6f0C",
   "etag": "DHwFU6wLcjI",
   "selfLink": "https://www.googleapis.com/books/v1/volumes/iKSYrsXe6f0C",
   "volumeInfo": {
    "title": "Schemas in Problem Solving",
    "authors": [
     "Sandra P. Marshall"
    ],
    "publisher": "Cambridge University Press",
    "publishedDate": "1995-06-30",
    "description": "Schemas are major knowledge structures influencing the way people acquire and store information. Sandra Marshall explores a new theory of schema development and studies the applicability of the theory as a unified basis for understanding learning, instruction, and assessment. The theory's prescriptions for teaching are direct, and its application to assessment suggests new directions for tests. After examining the roots of the theory in earlier work by philosophers and psychologists, the author illustrates the main features of her theory with experimental evidence from students who are learning to recognize and solve arithmetic story problems. She describes individual performance with traditional empirical studies as well as computer simulation. The computer simulation reflects a new approach in modeling cognition. Marshall's model links neural networks with symbolic systems to form a hybrid model that uses pattern matching of sets of features as well as logical step-by-step rules. Educational researchers and psychologists as well as curriculum developers will be interested in the new approaches of this work.",
    "industryIdentifiers": [
     {
      "type": "ISBN_10",
      "identifier": "0521430720"
     },
     {
      "type": "ISBN_13",
      "identifier": "9780521430722"
     }
    ],
    "readingModes": {
     "text": false,
     "image": true
    },
    "pageCount": 424,
    "printType": "BOOK",
    "categories": [
     "Psychology"
    ],
    "maturityRating": "NOT_MATURE",
    "allowAnonLogging": false,
    "contentVersion": "preview-1.0.0",
    "imageLinks": {
     "smallThumbnail": "http://books.google.com/books/content?id=iKSYrsXe6f0C&printsec=frontcover&img=1&zoom=5&edge=curl&source=gbs_api",
     "thumbnail": "http://books.google.com/books/content?id=iKSYrsXe6f0C&printsec=frontcover&img=1&zoom=1&edge=curl&source=gbs_api"
    },
    "language": "en",
    "previewLink": "http://books.google.co.in/books?id=iKSYrsXe6f0C&printsec=frontcover&dq=problem+solving&hl=&cd=7&source=gbs_api",
    "infoLink": "http://books.google.co.in/books?id=iKSYrsXe6f0C&dq=problem+solving&hl=&source=gbs_api",
    "canonicalVolumeLink": "https://books.google.com/books/about/Schemas_in_Problem_Solving.html?hl=&id=iKSYrsXe6f0C"
   },
   "saleInfo": {
    "country": "IN",
    "saleability": "NOT_FOR_SALE",
    "isEbook": false
   },
   "accessInfo": {
    "country": "IN",
    "viewability": "PARTIAL",
    "embeddable": true,
    "publicDomain": false,
    "textToSpeechPermission": "ALLOWED",
    "epub": {
     "isAvailable": false
    },
    "pdf": {
     "isAvailable": false
    },
    "webReaderLink": "http://play.google.com/books/reader?id=iKSYrsXe6f0C&hl=&printsec=frontcover&source=gbs_api",
    "accessViewStatus": "SAMPLE",
    "quoteSharingAllowed": false
   },
   "searchInfo": {
    "textSnippet": "This book explores a new theory of schema development and its ability to serve as a unified basis for understanding learning, instruction and assessment."
   }
  },
  {
   "kind": "books#volume",
   "id": "fRWCJMOHBNoC",
   "etag": "VHLGUBN3H10",
   "selfLink": "https://www.googleapis.com/books/v1/volumes/fRWCJMOHBNoC",
   "volumeInfo": {
    "title": "Made-to-measure Problem-solving",
    "authors": [
     "Victor Newman"
    ],
    "publisher": "Gower Publishing, Ltd.",
    "publishedDate": "1998-02-01",
    "description": "Victor Newman's practical book strikes at the heart of fundamental challenges faced by all managers. It looks beyond the conventional techniques of problem-solving to the underlying process, identifies eight stages and explains how to recognise which technique is appropriate to which stage. On this basis managers can generate solutions at both the personal and the organisational level.",
    "industryIdentifiers": [
     {
      "type": "ISBN_10",
      "identifier": "0566080060"
     },
     {
      "type": "ISBN_13",
      "identifier": "9780566080067"
     }
    ],
    "readingModes": {
     "text": false,
     "image": true
    },
    "pageCount": 139,
    "printType": "BOOK",
    "categories": [
     "Business & Economics"
    ],
    "maturityRating": "NOT_MATURE",
    "allowAnonLogging": false,
    "contentVersion": "0.1.1.0.preview.1",
    "imageLinks": {
     "smallThumbnail": "http://books.google.com/books/content?id=fRWCJMOHBNoC&printsec=frontcover&img=1&zoom=5&edge=curl&source=gbs_api",
     "thumbnail": "http://books.google.com/books/content?id=fRWCJMOHBNoC&printsec=frontcover&img=1&zoom=1&edge=curl&source=gbs_api"
    },
    "language": "en",
    "previewLink": "http://books.google.co.in/books?id=fRWCJMOHBNoC&printsec=frontcover&dq=problem+solving&hl=&cd=8&source=gbs_api",
    "infoLink": "http://books.google.co.in/books?id=fRWCJMOHBNoC&dq=problem+solving&hl=&source=gbs_api",
    "canonicalVolumeLink": "https://books.google.com/books/about/Made_to_measure_Problem_solving.html?hl=&id=fRWCJMOHBNoC"
   },
   "saleInfo": {
    "country": "IN",
    "saleability": "NOT_FOR_SALE",
    "isEbook": false
   },
   "accessInfo": {
    "country": "IN",
    "viewability": "PARTIAL",
    "embeddable": true,
    "publicDomain": false,
    "textToSpeechPermission": "ALLOWED",
    "epub": {
     "isAvailable": false
    },
    "pdf": {
     "isAvailable": false
    },
    "webReaderLink": "http://play.google.com/books/reader?id=fRWCJMOHBNoC&hl=&printsec=frontcover&source=gbs_api",
    "accessViewStatus": "SAMPLE",
    "quoteSharingAllowed": false
   },
   "searchInfo": {
    "textSnippet": "Victor Newman&#39;s practical book strikes at the heart of fundamental challenges faced by all managers."
   }
  },
  {
   "kind": "books#volume",
   "id": "nXxDAgAAQBAJ",
   "etag": "h39ZpLmoV8M",
   "selfLink": "https://www.googleapis.com/books/v1/volumes/nXxDAgAAQBAJ",
   "volumeInfo": {
    "title": "Environmental Problem Solving",
    "subtitle": "A How-to Guide",
    "authors": [
     "Jeffrey W. Hughes"
    ],
    "publisher": "UPNE",
    "publishedDate": "2013-08-02",
    "description": "As environmental problems become increasingly complex, it is critical that students and activists learn the skills with which to address them. Although there already are many case studies of actual issues, only in the last few years have environmental scientists paid close attention to their resolution. Environmental Problem Solving teaches these skills. Jeffrey W. Hughes creates an organized method for approaching problems, understanding larger issues, and crafting solutions to a wide range of contemporary environmental issues. Many environmental activists often have preconceived ideas of environmental protection and problem solving. They react emotionally to news of deforestation, a new housing development, or a planned big-box store without thinking about the problem logically, and they may automatically regard foresters, development companies, and corporations as opponents. As their views harden, discourse turns acrimonious, and it becomes ever more difficult to find satisfactory solutions. This book teaches those on both sides of the table to address their own preconceptions and approach hard issues critically, methodically, and fairly. Hughes combines aspects of the decision-making process from the fields of business, management, and communication science based on extensive research and ample practical experience in the field and classroom. He creates a logical framework to help guide thinking from identifying a problem to finding its solution. Using examples drawn from real-life situations, Environmental Problem Solving will become an invaluable guide for environmentalists, agency professionals, consultants, students, naturalists, and concerned citizens.",
    "industryIdentifiers": [
     {
      "type": "ISBN_13",
      "identifier": "9781611685190"
     },
     {
      "type": "ISBN_10",
      "identifier": "1611685192"
     }
    ],
    "readingModes": {
     "text": true,
     "image": true
    },
    "pageCount": 240,
    "printType": "BOOK",
    "categories": [
     "Science"
    ],
    "maturityRating": "NOT_MATURE",
    "allowAnonLogging": false,
    "contentVersion": "1.1.1.0.preview.3",
    "panelizationSummary": {
     "containsEpubBubbles": false,
     "containsImageBubbles": false
    },
    "imageLinks": {
     "smallThumbnail": "http://books.google.com/books/content?id=nXxDAgAAQBAJ&printsec=frontcover&img=1&zoom=5&edge=curl&source=gbs_api",
     "thumbnail": "http://books.google.com/books/content?id=nXxDAgAAQBAJ&printsec=frontcover&img=1&zoom=1&edge=curl&source=gbs_api"
    },
    "language": "en",
    "previewLink": "http://books.google.co.in/books?id=nXxDAgAAQBAJ&printsec=frontcover&dq=problem+solving&hl=&cd=9&source=gbs_api",
    "infoLink": "http://books.google.co.in/books?id=nXxDAgAAQBAJ&dq=problem+solving&hl=&source=gbs_api",
    "canonicalVolumeLink": "https://books.google.com/books/about/Environmental_Problem_Solving.html?hl=&id=nXxDAgAAQBAJ"
   },
   "saleInfo": {
    "country": "IN",
    "saleability": "NOT_FOR_SALE",
    "isEbook": false
   },
   "accessInfo": {
    "country": "IN",
    "viewability": "PARTIAL",
    "embeddable": true,
    "publicDomain": false,
    "textToSpeechPermission": "ALLOWED",
    "epub": {
     "isAvailable": true,
     "acsTokenLink": "http://books.google.co.in/books/download/Environmental_Problem_Solving-sample-epub.acsm?id=nXxDAgAAQBAJ&format=epub&output=acs4_fulfillment_token&dl_type=sample&source=gbs_api"
    },
    "pdf": {
     "isAvailable": true,
     "acsTokenLink": "http://books.google.co.in/books/download/Environmental_Problem_Solving-sample-pdf.acsm?id=nXxDAgAAQBAJ&format=pdf&output=acs4_fulfillment_token&dl_type=sample&source=gbs_api"
    },
    "webReaderLink": "http://play.google.com/books/reader?id=nXxDAgAAQBAJ&hl=&printsec=frontcover&source=gbs_api",
    "accessViewStatus": "SAMPLE",
    "quoteSharingAllowed": false
   },
   "searchInfo": {
    "textSnippet": "This book teaches those on both sides of the table to address their own preconceptions and approach hard issues critically, methodically, and fairly."
   }
  },
  {
   "kind": "books#volume",
   "id": "bR8lMLiS0nQC",
   "etag": "Nu/3DCxfVJo",
   "selfLink": "https://www.googleapis.com/books/v1/volumes/bR8lMLiS0nQC",
   "volumeInfo": {
    "title": "Organization and Management Problem Solving",
    "subtitle": "A Systems and Consulting Approach",
    "authors": [
     "James T. Ziegenfuss"
    ],
    "publisher": "SAGE",
    "publishedDate": "2002",
    "description": "James T Ziegenfuss Jr presents a tested model for analyzing organization and management problems and a series of case studies to help the reader apply problem-solving to real experiences. This work is the result of 20 years in consultancy and uses case studies from the public and private sectors to illustrate each of the five categories of problems: technical; structural; psychosocial; managerial; and cultural. The variety and depth of the cases is purposeful, reflecting what real teams and managers face.",
    "industryIdentifiers": [
     {
      "type": "ISBN_10",
      "identifier": "0761919163"
     },
     {
      "type": "ISBN_13",
      "identifier": "9780761919162"
     }
    ],
    "readingModes": {
     "text": false,
     "image": true
    },
    "pageCount": 310,
    "printType": "BOOK",
    "categories": [
     "Business & Economics"
    ],
    "maturityRating": "NOT_MATURE",
    "allowAnonLogging": false,
    "contentVersion": "preview-1.0.0",
    "panelizationSummary": {
     "containsEpubBubbles": false,
     "containsImageBubbles": false
    },
    "imageLinks": {
     "smallThumbnail": "http://books.google.com/books/content?id=bR8lMLiS0nQC&printsec=frontcover&img=1&zoom=5&edge=curl&source=gbs_api",
     "thumbnail": "http://books.google.com/books/content?id=bR8lMLiS0nQC&printsec=frontcover&img=1&zoom=1&edge=curl&source=gbs_api"
    },
    "language": "en",
    "previewLink": "http://books.google.co.in/books?id=bR8lMLiS0nQC&printsec=frontcover&dq=problem+solving&hl=&cd=10&source=gbs_api",
    "infoLink": "http://books.google.co.in/books?id=bR8lMLiS0nQC&dq=problem+solving&hl=&source=gbs_api",
    "canonicalVolumeLink": "https://books.google.com/books/about/Organization_and_Management_Problem_Solv.html?hl=&id=bR8lMLiS0nQC"
   },
   "saleInfo": {
    "country": "IN",
    "saleability": "NOT_FOR_SALE",
    "isEbook": false
   },
   "accessInfo": {
    "country": "IN",
    "viewability": "PARTIAL",
    "embeddable": true,
    "publicDomain": false,
    "textToSpeechPermission": "ALLOWED",
    "epub": {
     "isAvailable": false
    },
    "pdf": {
     "isAvailable": false
    },
    "webReaderLink": "http://play.google.com/books/reader?id=bR8lMLiS0nQC&hl=&printsec=frontcover&source=gbs_api",
    "accessViewStatus": "SAMPLE",
    "quoteSharingAllowed": false
   },
   "searchInfo": {
    "textSnippet": "This work is the result of 20 years in consultancy and uses case studies from the public and private sectors to illustrate each of the five categories of problems: technical; structural; psychosocial; managerial; and cultural."
   }
  }
 ]
}
